,B.O.D. (mg/l) : Max : < 3 mg/l,B.O.D. (mg/l) : Mean : < 3 mg/l,B.O.D. (mg/l) : Min : < 3 mg/l,CONDUCTIVITY (µmhos/cm) : Max,CONDUCTIVITY (µmhos/cm) : Mean,CONDUCTIVITY (µmhos/cm) : Min,FECAL COLIFORM (MPN/100ml) : Max : < 2500 MPN/100ml,FECAL COLIFORM (MPN/100ml) : Mean : < 2500 MPN/100ml,FECAL COLIFORM (MPN/100ml) : Min : < 2500 MPN/100ml,NITRATE- N+ NITRITE-N (mg/l) : Max,NITRATE- N+ NITRITE-N (mg/l) : Mean,NITRATE- N+ NITRITE-N (mg/l) : Min,TEMPERATURE ºC : Max,TEMPERATURE ºC : Mean,TEMPERATURE ºC : Min,TOTAL COLIFORM (MPN/100ml) : Max : < 5000 MPN/100ml,TOTAL COLIFORM (MPN/100ml) : Mean : < 5000 MPN/100ml,TOTAL COLIFORM (MPN/100ml) : Min : < 5000 MPN/100ml,pH : Max : 6.5-8.5,pH : Mean : 6.5-8.5,pH : Min : 6.5-8.5,B.O.D. (mg/l) : Max : < 3 mg/l_imp,B.O.D. (mg/l) : Mean : < 3 mg/l_imp,B.O.D. (mg/l) : Min : < 3 mg/l_imp,CONDUCTIVITY (µmhos/cm) : Max_imp,CONDUCTIVITY (µmhos/cm) : Mean_imp,CONDUCTIVITY (µmhos/cm) : Min_imp,STATION CODE,LOCATIONS,State
4,1.0,0.9,0.8,1950.0,1687.0,1520.0,0.0,0.0,0.0,8.0,4.6,3.1,30.6,28.5,27.0,40.0,32.0,20.0,8.1,7.9,7.2,1.0,0.9,0.8,1950.0,1687.0,1520.0,1517.0,"B/W. - TUNGBHADRA RIVER NEAR KURNOOL, A.P.",andhra_pradesh
5,1.6,1.4,1.0,5000.0,3720.0,2150.0,0.0,0.0,0.0,14.0,8.4,4.0,35.0,29.6,27.0,50.0,36.0,20.0,8.2,7.9,7.8,1.6,1.4,1.0,5000.0,3720.0,2150.0,1518.0,"B/W. - NANDYAL, KURNOOL DIST., A.P.",andhra_pradesh
6,1.8,1.4,1.1,1510.0,1131.0,730.0,0.0,0.0,0.0,3.1,1.7,0.0,37.0,29.2,27.0,30.0,30.0,30.0,8.1,7.9,7.8,1.8,1.4,1.1,1510.0,1131.0,730.0,1519.0,"B/W. - NAGIRI, CHITTOOR DIST., A.P",andhra_pradesh
7,1.5,1.3,1.1,1100.0,966.0,723.0,0.0,0.0,0.0,11.5,4.6,2.1,39.5,31.1,27.0,40.0,34.0,20.0,8.3,7.9,7.6,1.5,1.3,1.1,1100.0,966.0,723.0,1520.0,"B/W. - SWARNAMUKHI RIVER, SRIKALAHASTI, CHITTOOR DIST., A.P.",andhra_pradesh
8,1.0,1.0,1.0,1790.0,1790.0,1790.0,9.0,9.0,9.0,5.4,5.4,5.4,25.0,25.0,25.0,120.0,120.0,120.0,7.7,7.7,7.7,1.0,1.0,1.0,1790.0,1790.0,1790.0,1521.0,"O/W. - NEAR RAMA TEMPLE , WARD NO.2 , MINDI , VISAKHAPATNAM, A.P",andhra_pradesh
9,1.2,1.1,1.0,1343.0,962.0,771.0,23.0,16.0,4.0,1.8,1.4,1.1,29.0,26.0,25.0,150.0,84.0,4.0,7.7,7.4,7.2,1.2,1.1,1.0,1343.0,962.0,771.0,1522.0,"O/W. PEDDANUYYI - VIZIANAGARAM, A.P",andhra_pradesh
10,1.0,1.0,1.0,347.0,347.0,347.0,3.0,3.0,3.0,0.2,0.2,0.2,27.0,27.0,27.0,14.0,14.0,14.0,7.9,7.9,7.9,1.0,1.0,1.0,347.0,347.0,347.0,1523.0,"B/W. - NEAR M/S ANDHRA SUGARS LTD. , KOVVUR , W.G.DIST., A.P",andhra_pradesh
11,1.2,1.2,1.2,1904.0,1904.0,1904.0,4.0,4.0,4.0,1.5,1.5,1.5,26.0,26.0,26.0,4.0,4.0,4.0,7.4,7.4,7.4,1.2,1.2,1.2,1904.0,1904.0,1904.0,1524.0,"O/W. -NEAR PARTAP NAGAR BRIIDGE -KAKINADA , E.G.DIST., A.P",andhra_pradesh
13,1.0,1.0,1.0,1462.0,1462.0,1462.0,10.0,10.0,10.0,5.0,5.0,5.0,28.0,28.0,28.0,64.0,64.0,64.0,7.5,7.5,7.5,1.0,1.0,1.0,1462.0,1462.0,1462.0,1810.0,"B/W - SRI RAMNAGAR COLONY, SAKKAR NAGAR, BODHAN, NIZAMABAD DIST. , A.P",andhra_pradesh
14,1.8,1.8,1.8,4010.0,4010.0,4010.0,10.0,10.0,10.0,2.0,2.0,2.0,29.0,29.0,29.0,32.0,32.0,32.0,6.9,6.9,6.9,1.8,1.8,1.8,4010.0,4010.0,4010.0,1811.0,"B/W. - PRIMARY SCHOOL - RUDRAVELLI (V) , BIBINAGAR (M), NALGONDA DIST., A.P",andhra_pradesh
17,1.2,1.2,1.2,2951.0,2951.0,2951.0,4.0,4.0,4.0,4.7,4.7,4.7,25.0,25.0,25.0,9.0,9.0,9.0,7.7,7.7,7.7,1.2,1.2,1.2,2951.0,2951.0,2951.0,3089.0,"HAND PUMP AT TANAM VILL., VISHAKHAPATNAM, A.P.",andhra_pradesh
18,1.0,1.0,1.0,2311.0,2311.0,2311.0,120.0,120.0,120.0,8.6,8.6,8.6,26.0,26.0,26.0,2400.0,2400.0,2400.0,7.2,7.2,7.2,1.0,1.0,1.0,2311.0,2311.0,2311.0,3090.0,"HAND PUMP AT PITTAVANIPALEM, VISHAKHAPATNAM , A.P.",andhra_pradesh
19,1.0,1.0,1.0,2608.0,2608.0,2608.0,4.0,4.0,4.0,8.8,8.8,8.8,25.0,25.0,25.0,28.0,28.0,28.0,7.8,7.8,7.8,1.0,1.0,1.0,2608.0,2608.0,2608.0,3091.0,"BORE WELL AT KAPULUPPADA DUMPSITE, VISHAKHAPATNAM, A.P.",andhra_pradesh
20,1.0,1.0,1.0,911.0,911.0,911.0,9.0,9.0,9.0,3.5,3.5,3.5,25.0,25.0,25.0,120.0,120.0,120.0,7.6,7.6,7.6,1.0,1.0,1.0,911.0,911.0,911.0,3092.0,"BORE WELL AT ARINAMA AKKIVALASA, SRIKAKULAM, A.P.",andhra_pradesh
21,1.0,1.0,1.0,2096.0,2096.0,2096.0,4.0,4.0,4.0,6.3,6.3,6.3,25.0,25.0,25.0,11.0,11.0,11.0,7.9,7.9,7.9,1.0,1.0,1.0,2096.0,2096.0,2096.0,3093.0,"B/W AT ALLADAPALEM VILLAGE, PYDIBHIMAVARAM, DISTT SRIKAKULAM, A.P.",andhra_pradesh
29,1.0,1.0,1.0,497.0,497.0,497.0,10.0,10.0,10.0,3.0,3.0,3.0,30.0,30.0,30.0,24.0,24.0,24.0,7.9,7.9,7.9,1.0,1.0,1.0,497.0,497.0,497.0,27.0,B/w at Peddavoora ,andhra_pradesh
32,1.8,1.4,0.9,364.0,333.0,302.0,0.0,0.0,0.0,0.7,0.5,0.3,25.0,24.5,24.0,91.0,91.0,91.0,7.5,7.0,6.4,1.8,1.4,0.9,364.0,333.0,302.0,1535.0,"*SIBSAGAR , ASSAM",assam
33,2.4,1.9,1.3,885.0,791.0,696.0,0.0,0.0,0.0,0.4,0.3,0.1,25.0,22.5,20.0,91.0,46.0,0.0,5.8,5.7,5.5,2.4,1.9,1.3,885.0,791.0,696.0,1536.0,"*SIBSAGAR, ASSAM",assam
35,1.0,0.7,0.3,149.0,125.0,100.0,36.0,18.0,0.0,4.8,3.7,2.5,24.0,22.0,20.0,4600.0,2300.0,0.0,5.4,5.1,4.7,1.0,0.7,0.3,149.0,125.0,100.0,1538.0,"*SILCHAR, ASSAM",assam
36,2.9,2.0,1.0,1043.0,599.0,154.0,0.0,0.0,0.0,2.5,1.5,0.5,31.0,27.5,24.0,0.0,0.0,0.0,7.4,6.8,6.2,2.9,2.0,1.0,1043.0,599.0,154.0,1539.0,"*BARPETA, ASSAM",assam
37,1.3,1.1,0.9,746.0,446.0,146.0,0.0,0.0,0.0,0.4,0.3,0.1,32.0,27.5,23.0,0.0,0.0,0.0,6.4,5.9,5.3,1.3,1.1,0.9,746.0,446.0,146.0,1540.0,"*BONAIGAON, ASSAM",assam
39,2.4,1.5,0.6,991.0,716.0,440.0,36.0,18.0,0.0,1.1,0.9,0.6,26.0,25.0,24.0,91.0,46.0,0.0,7.3,6.9,6.5,2.4,1.5,0.6,991.0,716.0,440.0,1542.0,"*GUWAHATI, ASSAM",assam
40,0.9,0.8,0.7,745.0,591.0,436.0,0.0,0.0,0.0,9.8,8.3,6.7,23.0,23.0,23.0,0.0,0.0,0.0,5.7,5.7,5.7,0.9,0.8,0.7,745.0,591.0,436.0,2243.0,"GROUND WATER FROM LEDO, MARGHERITA",assam
42,1.1,1.0,0.9,400.0,248.0,95.0,430.0,230.0,30.0,4.0,2.5,1.0,28.0,26.5,25.0,1500.0,966.0,431.0,5.9,5.7,5.4,1.1,1.0,0.9,400.0,248.0,95.0,2245.0,GROUND WATER FROM NUMALIGARH (NEAR NRL TE LABOR COLONY),assam
43,0.9,0.8,0.7,617.0,544.0,470.0,0.0,0.0,0.0,0.2,0.1,0.0,22.0,21.0,20.0,0.0,0.0,0.0,6.9,6.6,6.2,0.9,0.8,0.7,617.0,544.0,470.0,2246.0,GROUND WATER FROM SEMENCHAPARI,assam
44,0.7,0.5,0.2,706.0,649.0,591.0,0.0,0.0,0.0,6.3,3.3,0.3,22.0,21.0,20.0,36.0,18.0,0.0,6.2,6.2,6.1,0.7,0.5,0.2,706.0,649.0,591.0,2247.0,GROUND WATER FROM SILAPATHAR,assam
46,1.1,1.1,1.0,247.0,195.0,142.0,0.0,0.0,0.0,1.7,1.3,0.8,28.0,27.0,26.0,36.0,18.0,0.0,6.4,6.1,5.8,1.1,1.1,1.0,247.0,195.0,142.0,2249.0,GROUND WATER FROM TEZPUR (MISSION CHARIALI),assam
47,0.7,0.6,0.4,578.0,475.0,371.0,0.0,0.0,0.0,2.1,1.6,1.0,29.0,28.5,28.0,0.0,0.0,0.0,6.6,6.6,6.5,0.7,0.6,0.4,578.0,475.0,371.0,2250.0,GROUND WATER FROM NAGAON (PANIGAON),assam
49,1.3,1.3,1.3,417.0,417.0,417.0,0.0,0.0,0.0,0.1,0.1,0.1,24.0,24.0,24.0,0.0,0.0,0.0,6.4,6.4,6.4,1.3,1.3,1.3,417.0,417.0,417.0,2252.0,GROUND WATER NEAR MSW DUMPING SITE AT GARCHUK-GUWAHATI,assam
50,1.1,1.1,1.1,745.0,601.0,456.0,0.0,0.0,0.0,6.5,5.5,4.4,26.0,25.5,25.0,0.0,0.0,0.0,7.1,6.9,6.6,1.1,1.1,1.1,745.0,601.0,456.0,2253.0,GROUND WATER FROM NALBARI,assam
52,1.0,0.8,0.6,893.0,747.0,600.0,0.0,0.0,0.0,7.3,6.1,4.9,32.0,29.3,26.5,4600.0,2300.0,0.0,7.4,6.9,6.4,1.0,0.8,0.6,893.0,747.0,600.0,2255.0,"GROUND WATER NEAR BPRL, DHALIGAON",assam
53,0.6,0.6,0.6,893.0,515.0,136.0,91.0,46.0,0.0,4.9,4.0,3.0,32.0,28.5,25.0,930.0,645.0,360.0,6.5,6.5,6.4,0.6,0.6,0.6,893.0,515.0,136.0,2256.0,GROUND WATER FROM KOKRAJHAR DISTRICT (HS SCHOOL ),assam
54,1.2,0.9,0.5,1036.0,883.0,729.0,2300.0,1150.0,0.0,0.5,0.3,0.1,34.0,29.1,24.2,2301.0,1196.0,91.0,7.2,7.2,7.2,1.2,0.9,0.5,1036.0,883.0,729.0,2257.0,GROUND WATER FROM DHUBRI DISTRICT (COLLEGE NAGAR ),assam
55,1.1,0.8,0.4,613.0,539.0,465.0,0.0,0.0,0.0,3.1,3.0,2.8,33.0,30.0,27.0,2300.0,1265.0,230.0,6.6,6.6,6.5,1.1,0.8,0.4,613.0,539.0,465.0,2258.0,GROUND WATER FROM GOALPARA DIST. (GOALPARA COLLEGE ),assam
56,2.8,1.8,0.7,1904.0,1515.0,1126.0,0.0,0.0,0.0,1.9,1.6,1.2,29.0,28.5,28.0,0.0,0.0,0.0,7.5,7.4,7.2,2.8,1.8,0.7,1904.0,1515.0,1126.0,2259.0,GROUND WATER FROM DIPHU (GOVT. COLLEGE),assam
58,0.9,0.9,0.9,330.0,330.0,330.0,0.0,0.0,0.0,4.7,4.7,4.7,12.0,12.0,12.0,430.0,430.0,430.0,6.5,6.5,6.5,0.9,0.9,0.9,330.0,330.0,330.0,2262.0,GROUND WATER FROM KARIMGANJ (COLLEGE),assam
59,0.5,0.5,0.4,417.0,363.0,309.0,0.0,0.0,0.0,1.6,1.1,0.5,20.0,16.5,13.0,0.0,0.0,0.0,6.9,6.6,6.2,0.5,0.5,0.4,417.0,363.0,309.0,2263.0,GROUND WATER FROM HIALAKANDI (NEAR ASTC BUS STAND ),assam
61,2.688188194740272,2.3939667289532944,1.37812993188635,1140.0,1140.0,1140.0,11.0,11.0,11.0,0.0,0.0,0.0,22.0,22.0,22.0,22.0,22.0,22.0,7.1,7.1,7.1,3.0568750000000002,2.2162499999999996,1.5543750000000007,1140.0,1140.0,1140.0,1825.0,PATNA,bihar
62,2.6946487826805945,2.3807309754852404,1.4724614448581408,609.0,609.0,609.0,7.0,7.0,7.0,0.0,0.0,0.0,25.0,25.0,25.0,17.0,17.0,17.0,7.7,7.7,7.7,3.0568750000000002,2.2162499999999996,1.5543750000000007,609.0,609.0,609.0,1826.0,PATNA,bihar
68,2.611737058190103,2.426028116205319,1.435507529323618,1355.1910968668822,1239.9156655820693,1094.2132624217102,6.0,6.0,6.0,0.0,0.0,0.0,24.0,24.0,24.0,14.0,14.0,14.0,7.4,7.4,7.4,3.0568750000000002,2.2162499999999996,1.5543750000000007,1368.2362637362637,1234.3131868131868,1102.521978021978,1832.0,BEGUSARAI,bihar
69,2.616875995432828,2.420647789384785,1.4592815188163595,1356.1057088975099,1239.4573173377048,1095.1815555953272,4.0,4.0,4.0,0.0,0.0,0.0,24.0,24.0,24.0,7.0,7.0,7.0,7.5,7.5,7.5,3.0568750000000002,2.2162499999999996,1.5543750000000007,1368.2362637362637,1234.3131868131868,1102.521978021978,1833.0,BEGUSARAI,bihar
70,2.599521905499957,2.4368445568725323,1.4240133187452695,1355.4989032976746,1240.0389842635045,1093.0313817299811,4.0,4.0,4.0,0.0,0.0,0.0,26.0,26.0,26.0,8.0,8.0,8.0,7.4,7.4,7.4,3.0568750000000002,2.2162499999999996,1.5543750000000007,1368.2362637362637,1234.3131868131868,1102.521978021978,1834.0,PURNEA,bihar
71,2.61168476403566,2.4260595613324116,1.4354212439977825,1355.1770380881794,1239.9231412586082,1094.1975806790779,6.0,6.0,6.0,0.0,0.0,0.0,24.0,24.0,24.0,12.0,12.0,12.0,7.4,7.4,7.4,3.0568750000000002,2.2162499999999996,1.5543750000000007,1368.2362637362637,1234.3131868131868,1102.521978021978,1835.0,PURNEA,bihar
72,2.600527817929221,2.4363959715202586,1.42361833824157,1355.5790551842374,1239.9987853834896,1093.110960634358,6.0,6.0,6.0,0.0,0.0,0.0,26.0,26.0,26.0,20.0,20.0,20.0,7.4,7.4,7.4,3.0568750000000002,2.2162499999999996,1.5543750000000007,1368.2362637362637,1234.3131868131868,1102.521978021978,1836.0,BEGUSARAI,bihar
73,2.5948859244718636,2.4420005910169293,1.4000418390006784,1354.6243672103278,1240.4772330678618,1092.1028780085526,7.0,7.0,7.0,0.0,0.0,0.0,26.0,26.0,26.0,21.0,21.0,21.0,7.3,7.3,7.3,3.0568750000000002,2.2162499999999996,1.5543750000000007,1368.2362637362637,1234.3131868131868,1102.521978021978,1837.0,BEGUSARAI,bihar
74,2.5927110554025847,2.442917661071513,1.4015901448778576,1354.5153695554886,1240.5291383703964,1092.0058620747204,2.0,2.0,2.0,0.0,0.0,0.0,26.0,26.0,26.0,4.0,4.0,4.0,7.3,7.3,7.3,3.0568750000000002,2.2162499999999996,1.5543750000000007,1368.2362637362637,1234.3131868131868,1102.521978021978,1838.0,MUNGER,bihar
75,2.6052311139392845,2.431597738960878,1.4301304849379644,1355.3330416964027,1239.9824730097166,1093.6138961089218,4.0,4.0,4.0,0.0,0.0,0.0,25.0,25.0,25.0,9.0,9.0,9.0,7.4,7.4,7.4,3.0568750000000002,2.2162499999999996,1.5543750000000007,1368.2362637362637,1234.3131868131868,1102.521978021978,1839.0,MUNGER,bihar
76,2.676211913629608,2.4005272260376795,1.4209877673178557,768.0,768.0,768.0,11.0,11.0,11.0,0.0,0.0,0.0,27.0,27.0,27.0,27.0,27.0,27.0,7.5,7.5,7.5,3.0568750000000002,2.2162499999999996,1.5543750000000007,768.0,768.0,768.0,1840.0,MOTIHARI,bihar
78,2.6935780785792605,2.381254081365691,1.4685062392547563,546.0,546.0,546.0,8.0,8.0,8.0,0.0,0.0,0.0,25.0,25.0,25.0,13.0,13.0,13.0,7.7,7.7,7.7,3.0568750000000002,2.2162499999999996,1.5543750000000007,546.0,546.0,546.0,2578.0,BHOJPUR,bihar
79,2.6879162919042154,2.3864597577561937,1.4623935934418972,542.0,542.0,542.0,8.0,8.0,8.0,0.0,0.0,0.0,26.0,26.0,26.0,17.0,17.0,17.0,7.7,7.7,7.7,3.0568750000000002,2.2162499999999996,1.5543750000000007,542.0,542.0,542.0,2579.0,WELL AT BUXAR,bihar
80,2.6587653259099864,2.4174332224127695,1.3599769307354352,896.0,896.0,896.0,6.0,6.0,6.0,0.0,0.0,0.0,27.0,27.0,27.0,14.0,14.0,14.0,7.2,7.2,7.2,3.0568750000000002,2.2162499999999996,1.5543750000000007,896.0,896.0,896.0,2581.0,WELL-1 AT DARBHANGA,bihar
81,2.7231354756129034,2.3568224600925753,1.5289282680829126,886.0,886.0,886.0,6.0,6.0,6.0,0.0,0.0,0.0,22.0,22.0,22.0,17.0,17.0,17.0,7.8,7.8,7.8,3.0568750000000002,2.2162499999999996,1.5543750000000007,886.0,886.0,886.0,2582.0,WELL-2 AT DARBHANGA,bihar
82,2.69314345444504,2.38172501893392,1.456535153657714,610.0,610.0,610.0,4.0,4.0,4.0,0.0,0.0,0.0,24.0,24.0,24.0,11.0,11.0,11.0,7.6,7.6,7.6,3.0568750000000002,2.2162499999999996,1.5543750000000007,610.0,610.0,610.0,2583.0,"WELL-1 AT GOPALGANJ (SPECIFY LOCATION), BIHAR",bihar
83,2.688141903242008,2.386708909171112,1.4495677488107657,612.0,612.0,612.0,6.0,6.0,6.0,0.0,0.0,0.0,25.0,25.0,25.0,9.0,9.0,9.0,7.6,7.6,7.6,3.0568750000000002,2.2162499999999996,1.5543750000000007,612.0,612.0,612.0,2584.0,"WELL-2 AT GOPALGANJ (SPECIFY LOCATION), BIHAR",bihar
84,2.6069141530436255,2.4304999923067756,1.446368430349585,1356.5436011511956,1239.517517201797,1094.1202134513787,7.0,7.0,7.0,0.0,0.0,0.0,26.0,26.0,26.0,21.0,21.0,21.0,7.5,7.5,7.5,3.0568750000000002,2.2162499999999996,1.5543750000000007,1368.2362637362637,1234.3131868131868,1102.521978021978,2587.0,KHAGARIA,bihar
85,2.6049523551699525,2.432085497840754,1.4131274981191237,1354.2145925140476,1240.4020818506917,1093.1955836377656,4.0,4.0,4.0,0.0,0.0,0.0,24.0,24.0,24.0,11.0,11.0,11.0,7.3,7.3,7.3,3.0568750000000002,2.2162499999999996,1.5543750000000007,1368.2362637362637,1234.3131868131868,1102.521978021978,2589.0,MADHEPURA,bihar
86,2.6234492546656174,2.415435968214243,1.4471992301538161,1354.8432144928088,1239.8124463406416,1095.3553536612508,7.0,7.0,7.0,0.0,0.0,0.0,22.0,22.0,22.0,14.0,14.0,14.0,7.4,7.4,7.4,3.0568750000000002,2.2162499999999996,1.5543750000000007,1368.2362637362637,1234.3131868131868,1102.521978021978,2594.0,SAHARSA,bihar
87,2.6097602394889026,2.4272243750271882,1.419812215467189,1353.9966965836184,1240.370818123841,1093.729882597594,2.0,2.0,2.0,0.0,0.0,0.0,23.0,23.0,23.0,4.0,4.0,4.0,7.3,7.3,7.3,3.0568750000000002,2.2162499999999996,1.5543750000000007,1368.2362637362637,1234.3131868131868,1102.521978021978,2595.0,SAMASTIPUR,bihar
88,2.6915179171715593,2.3810281926450134,1.5132752110219059,411.0,411.0,411.0,7.0,7.0,7.0,0.0,0.0,0.0,28.0,28.0,28.0,17.0,17.0,17.0,8.0,8.0,8.0,3.0568750000000002,2.2162499999999996,1.5543750000000007,411.0,411.0,411.0,2596.0,SITAMARHI,bihar
90,2.684442029573683,2.388699818737143,1.4266523063542529,486.0,486.0,486.0,4.0,4.0,4.0,0.0,0.0,0.0,24.0,24.0,24.0,7.0,7.0,7.0,7.5,7.5,7.5,3.0568750000000002,2.2162499999999996,1.5543750000000007,486.0,486.0,486.0,2600.0,VAISHALI,bihar
92,2.668959441291262,2.404389628398905,1.382637901596629,630.0,630.0,630.0,2.0,2.0,2.0,0.0,0.0,0.0,25.0,25.0,25.0,4.0,4.0,4.0,7.3,7.3,7.3,3.0568750000000002,2.2162499999999996,1.5543750000000007,630.0,630.0,630.0,3140.0,BETTIAH (SPECIFY LOCATION),bihar
94,2.6121354260958487,2.425866713783367,1.4351374684200973,1355.203055252758,1239.9105174951396,1094.221688388634,7.0,7.0,7.0,0.0,0.0,0.0,24.0,24.0,24.0,16.0,16.0,16.0,7.4,7.4,7.4,3.0568750000000002,2.2162499999999996,1.5543750000000007,1368.2362637362637,1234.3131868131868,1102.521978021978,3148.0,JAMALPUR (SPECIFY LOCATION),bihar
95,2.7032730368337448,2.3711949387566116,1.4913113562520939,432.0,432.0,432.0,9.0,9.0,9.0,0.0,0.0,0.0,24.0,24.0,24.0,14.0,14.0,14.0,7.8,7.8,7.8,3.0568750000000002,2.2162499999999996,1.5543750000000007,432.0,432.0,432.0,3150.0,MANER (SPECIFY LOCATION),bihar
96,2.6842868077015396,2.3888090040105805,1.4205541700768212,392.0,392.0,392.0,8.0,8.0,8.0,0.0,0.0,0.0,24.0,24.0,24.0,23.0,23.0,23.0,7.5,7.5,7.5,3.0568750000000002,2.2162499999999996,1.5543750000000007,392.0,392.0,392.0,3152.0,NARKATIAGANJ (SPECIFY LOCATION),bihar
97,2.698941262322544,2.3885922594397555,1.4340108540596417,1810.0,1810.0,1810.0,2.0,2.0,2.0,0.0,0.0,0.0,23.0,23.0,23.0,6.0,6.0,6.0,7.2,7.2,7.2,3.0568750000000002,2.2162499999999996,1.5543750000000007,1810.0,1810.0,1810.0,3156.0,SAMASTIPUR (SPECIFY LOCATION),bihar
98,2.6821858284208835,2.392068676075844,1.4413523559534458,576.0,576.0,576.0,7.0,7.0,7.0,0.0,0.0,0.0,26.0,26.0,26.0,14.0,14.0,14.0,7.6,7.6,7.6,3.0568750000000002,2.2162499999999996,1.5543750000000007,576.0,576.0,576.0,3159.0,SHAHPUR (SPECIFY LOCATION),bihar
99,2.6611220956662067,2.416669671356851,1.3498783629399773,806.0,806.0,806.0,18.0,18.0,18.0,0.0,0.0,0.0,27.0,27.0,27.0,17.0,17.0,17.0,7.2,7.2,7.2,3.0568750000000002,2.2162499999999996,1.5543750000000007,806.0,806.0,806.0,3160.0,"RAXAUL (SPECIFY LOCATION), BIHAR",bihar
100,2.595734954437798,2.441646341045932,1.3993880025194725,1354.6623427607824,1240.4594612174635,1092.1354116850325,9.0,9.0,9.0,0.0,0.0,0.0,26.0,26.0,26.0,27.0,27.0,27.0,7.3,7.3,7.3,3.0568750000000002,2.2162499999999996,1.5543750000000007,1368.2362637362637,1234.3131868131868,1102.521978021978,3161.0,KATIHAR (SPECIFY LOCATION),bihar
101,2.673753053167605,2.3988495295819217,1.41617449163118,516.0,516.0,516.0,4.0,4.0,4.0,0.0,0.0,0.0,26.0,26.0,26.0,9.0,9.0,9.0,7.5,7.5,7.5,3.0568750000000002,2.2162499999999996,1.5543750000000007,516.0,516.0,516.0,3162.0,VAISHALI (SPECIFY LOCATION),bihar
118,2.9625920399462977,2.2836217376726644,1.1545811031635866,1475.0,1255.0,830.0,2.0,2.0,2.0,6.4,2.6,0.1,32.0,30.7,29.0,16.0,16.0,16.0,7.4,7.2,6.9,3.0568750000000002,2.2162499999999996,1.5543750000000007,1475.0,1255.0,830.0,1440.0,"WELL AT SOMNATH INDUSTRIAL ESTATE, DAMAN",daman_diu_dadra_nagar_haveli
122,2.605655303964676,2.4726297127660755,1.2825493955979665,1438.0,1438.0,1438.0,5.0,5.0,5.0,2.6,2.6,2.6,32.0,32.0,32.0,18.0,18.0,18.0,6.6,6.6,6.6,3.0568750000000002,2.2162499999999996,1.5543750000000007,1438.0,1438.0,1438.0,2451.0,"VILLAGE DABHEL, DAMAN",daman_diu_dadra_nagar_haveli
124,0.8,0.7,0.6,1486.0,868.0,250.0,5.0,5.0,5.0,1.3,0.7,0.0,32.0,31.9,31.8,11.0,11.0,11.0,7.0,7.0,6.9,0.8,0.7,0.6,1486.0,868.0,250.0,2277.0,WELL AT VERNA INDI.ESTATE.(M/S CIPLA LIMITED),goa
125,0.7,0.7,0.6,1439.0,767.0,94.0,17.0,17.0,17.0,1.1,0.6,0.1,31.6,30.3,29.0,33.0,33.0,33.0,7.3,6.7,6.2,0.7,0.7,0.6,1439.0,767.0,94.0,2278.0,WELL AT SANCOALE INDL.ESTATE,goa
128,1.1,0.7,0.2,1420.0,733.0,45.0,49.0,36.0,23.0,0.3,0.2,0.1,30.0,29.3,28.5,170.0,125.0,79.0,6.1,5.8,5.4,1.1,0.7,0.2,1420.0,733.0,45.0,2281.0,WELL AT CORLIM INDL. ESTATE,goa
129,0.3,0.3,0.2,1497.0,826.0,155.0,23.0,23.0,23.0,1.2,0.7,0.3,31.6,31.3,31.0,79.0,79.0,79.0,7.0,6.4,5.9,0.3,0.3,0.2,1497.0,826.0,155.0,2282.0,WELL AT PILERNE INDUSTRIAL ESTATE(M/S UNICHEM ),goa
131,1.6,1.2,0.7,1429.0,756.0,83.0,8.0,8.0,8.0,1.4,1.2,0.9,31.0,30.5,30.0,17.0,17.0,17.0,6.9,6.2,5.5,1.6,1.2,0.7,1429.0,756.0,83.0,3194.0,BORE WELL AT BETHORA INDUSTRIAL ESTATE,goa
132,1.5,1.2,0.9,1404.0,829.0,253.0,240.0,240.0,240.0,1.5,0.8,0.1,31.6,31.6,31.5,540.0,540.0,540.0,7.9,7.3,6.7,1.5,1.2,0.9,1404.0,829.0,253.0,3195.0,BORE WELL AT MADKAIM INDUSTRIAL ESTATE,goa
133,0.8,0.8,0.8,501.0,475.0,462.0,4.0,2.0,1.0,0.5,0.5,0.5,25.0,24.3,24.0,7.0,5.0,4.0,8.3,7.7,6.7,0.8,0.8,0.8,501.0,475.0,462.0,1555.0,"AT KALA AMB, H.P",himachal_pradesh
134,0.8,0.5,0.4,564.0,521.0,436.0,5.0,2.0,1.0,0.7,0.7,0.6,23.0,22.3,22.0,8.0,5.0,4.0,8.0,7.6,6.9,0.8,0.5,0.4,564.0,521.0,436.0,1556.0,"AT PAONTA SAHIB, H.P",himachal_pradesh
143,2.4,1.2,0.1,572.0,389.0,215.0,40.0,15.0,6.0,10.6,1.9,0.0,22.0,17.7,14.5,84.0,28.0,8.0,7.9,7.5,6.9,2.4,1.2,0.1,572.0,389.0,215.0,1874.0,SOLAN-D/S OF MSW DUMPING SIOT-,himachal_pradesh
149,0.8,0.8,0.7,537.0,480.0,365.0,1.0,1.0,1.0,0.8,0.8,0.8,24.0,23.3,23.0,5.0,4.0,2.0,7.9,7.5,6.9,0.8,0.8,0.7,537.0,480.0,365.0,1881.0,PAONTA SAHIB INDUSTRIAL AREA,himachal_pradesh
169,0.9,0.9,0.8,648.0,632.0,600.0,3.0,2.0,1.0,0.8,0.8,0.8,24.5,22.2,21.0,8.0,6.0,5.0,7.9,7.5,6.7,0.9,0.9,0.8,648.0,632.0,600.0,2645.0,HAND PUMP AT NAHAN,himachal_pradesh
170,0.8,0.7,0.7,1250.0,979.0,436.0,2.0,1.0,1.0,0.8,0.8,0.6,24.0,22.0,21.0,5.0,5.0,5.0,8.3,7.8,6.9,0.8,0.7,0.7,1250.0,979.0,436.0,2646.0,HAND PUMP AT KALA AMB,himachal_pradesh
173,1.2,1.0,0.8,180.0,159.0,137.0,220.0,150.0,79.0,3.31,2.6,1.96,27.5,27.5,27.4,630.0,370.0,110.0,7.2,6.2,5.2,1.2,1.0,0.8,180.0,159.0,137.0,19.0,"WELL AT ELOOR, KERALA",kerala
174,0.6,0.4,0.2,125.0,114.0,103.0,350.0,184.0,17.0,1.3,0.9,0.42,26.0,25.0,24.0,430.0,226.0,22.0,7.7,6.7,5.7,0.6,0.4,0.2,125.0,114.0,103.0,22.0,"WELL AT CHUNGAPALLY, KERALA",kerala
175,0.6,0.6,0.6,220.0,195.0,170.0,280.0,162.0,43.0,0.84,0.8,0.81,24.0,24.0,24.0,430.0,270.0,110.0,7.2,6.0,4.8,0.6,0.6,0.6,220.0,195.0,170.0,35.0,"WELL AT PUNALUR, KERALA",kerala
176,1.6,1.3,1.0,412.0,354.0,296.0,110.0,95.0,79.0,2.3,1.2,0.0,26.5,25.8,25.0,350.0,285.0,220.0,6.8,6.4,6.0,1.6,1.3,1.0,412.0,354.0,296.0,1581.0,"PAPPANAMKODE, THIRUVANANTHAPURAM, KERALA",kerala
178,0.5,0.5,0.5,168.0,159.0,150.0,2.0,1.0,0.0,1.2,0.8,0.3,23.0,23.0,23.0,49.0,33.0,17.0,4.8,4.7,4.6,0.5,0.5,0.5,168.0,159.0,150.0,1583.0,"KUNDARA, KOLLAM DISTT. , KERALA",kerala
179,1.2,0.8,0.3,211.0,177.0,143.0,210.0,160.0,110.0,0.1,0.0,0.0,28.5,28.3,28.0,280.0,245.0,210.0,7.7,7.7,7.6,1.2,0.8,0.3,211.0,177.0,143.0,1584.0,"CHERTHALA, ALLEPPY, KERALA",kerala
181,1.2,1.0,0.8,526.0,328.0,130.0,11.0,7.0,2.0,9.9,5.7,1.5,28.5,27.8,27.0,21.0,14.0,7.0,6.8,5.7,4.5,1.2,1.0,0.8,526.0,328.0,130.0,1586.0,"EDAYAR ERNAKULAM DISTT., KERALA",kerala
182,1.0,0.9,0.8,250.0,248.0,245.0,220.0,116.0,11.0,8.5,8.1,7.8,28.0,28.0,28.0,700.0,361.0,21.0,7.2,6.9,6.6,1.0,0.9,0.8,250.0,248.0,245.0,1587.0,"KALAMASSERY ERNAKULAM DISTT. , KERALA",kerala
183,1.2,1.0,0.8,280.0,270.0,260.0,180.0,160.0,140.0,2.9,1.5,0.2,30.0,29.0,28.0,630.0,585.0,540.0,7.9,7.6,7.2,1.2,1.0,0.8,280.0,270.0,260.0,1588.0,"PUNKUNNAM TRISSUR DISTT. , KERALA",kerala
184,0.8,0.6,0.4,290.0,285.0,280.0,4.0,2.0,0.0,1.0,0.7,0.4,29.5,29.3,29.0,21.0,16.0,11.0,6.9,6.8,6.7,0.8,0.6,0.4,290.0,285.0,280.0,1589.0,"MALAPURAM , KERALA",kerala
185,0.9,0.6,0.2,106.0,101.0,95.0,350.0,181.0,11.0,1.9,1.6,1.3,27.0,26.0,25.0,790.0,404.0,17.0,7.0,6.7,6.3,0.9,0.6,0.2,106.0,101.0,95.0,1590.0,"MAVOOR, KOZHIKKODE DISTT. , KERALA",kerala
186,1.2,1.0,0.7,100.0,99.0,98.0,4.0,2.0,0.0,3.7,3.3,2.9,29.0,29.0,29.0,21.0,16.0,11.0,6.1,5.5,4.8,1.2,1.0,0.7,100.0,99.0,98.0,1591.0,"KANNUR (MUNICIPALITY) KANNUR DISTTM , KERALA",kerala
187,2.0,1.2,0.4,198.0,164.0,130.0,2.0,1.0,0.0,4.1,2.3,0.5,28.0,28.0,28.0,26.0,18.0,9.0,7.0,6.6,6.2,2.0,1.2,0.4,198.0,164.0,130.0,1592.0,"PAYYANNUR, KANNUR DISTT. , KERALA",kerala
188,0.5,0.4,0.3,405.0,281.0,156.0,1100.0,795.0,490.0,7.0,5.6,4.1,29.0,28.3,27.5,2600.0,1695.0,790.0,7.3,6.5,5.7,0.5,0.4,0.3,405.0,281.0,156.0,2308.0,FATHIMAPURAM (CHANGANASSERY),kerala
189,0.7,0.7,0.6,98.0,93.0,88.0,790.0,640.0,490.0,3.4,2.9,2.4,29.0,28.0,27.0,1400.0,1250.0,1100.0,6.5,5.7,4.9,0.7,0.7,0.6,98.0,93.0,88.0,2309.0,KAROOR (PALA),kerala
190,0.5,0.5,0.5,166.0,157.0,147.0,1100.0,655.0,210.0,3.2,2.7,2.3,28.0,27.5,27.0,2800.0,1615.0,430.0,6.5,6.2,5.9,0.5,0.5,0.5,166.0,157.0,147.0,2310.0,VAIKOM,kerala
191,0.4,0.4,0.4,179.0,137.0,95.0,630.0,340.0,49.0,11.9,6.8,1.6,28.0,27.3,26.5,1100.0,605.0,110.0,6.9,6.2,5.5,0.4,0.4,0.4,179.0,137.0,95.0,2311.0,VADAVATHOOR (KOTTAYAM),kerala
192,1.5,1.1,0.7,254.0,249.0,243.0,430.0,320.0,210.0,0.1,0.0,0.0,28.0,28.0,28.0,700.0,505.0,310.0,7.8,7.8,7.7,1.5,1.1,0.7,254.0,249.0,243.0,2313.0,"SARVODAPURAM, ALAPPUZHA",kerala
193,1.2,1.2,1.2,230.0,205.0,180.0,210.0,160.0,110.0,2.5,2.5,2.4,24.0,24.0,24.0,490.0,460.0,430.0,7.2,6.4,5.5,1.2,1.2,1.2,230.0,205.0,180.0,2314.0,KUREEPUZHA (KOLLAM),kerala
194,2.0,1.9,1.8,525.0,488.0,450.0,210.0,111.0,11.0,2.5,1.7,0.9,24.0,24.0,24.0,490.0,267.0,43.0,8.3,7.9,7.4,2.0,1.9,1.8,525.0,488.0,450.0,2315.0,K.M.M.L. (KOLLAM),kerala
195,1.2,1.0,0.8,81.0,63.0,45.0,21.0,15.0,9.0,1.2,1.2,1.1,28.0,27.5,27.0,220.0,165.0,110.0,5.8,5.2,4.5,1.2,1.0,0.8,81.0,63.0,45.0,2316.0,CHELLORA TRENCHING GROUND (KANNUR),kerala
196,1.0,1.0,0.9,404.0,313.0,222.0,4.0,2.0,0.0,7.0,5.5,4.0,28.0,27.5,27.0,21.0,15.0,9.0,6.0,6.0,6.0,1.0,1.0,0.9,404.0,313.0,222.0,2317.0,PUNNALPETTIPPALAM (TELLICHERRY MUNICIPALITY,kerala
197,0.7,0.5,0.3,240.0,237.0,234.0,22.0,11.0,0.0,3.4,2.1,0.8,29.5,29.0,28.5,110.0,55.0,0.0,6.8,6.6,6.3,0.7,0.5,0.3,240.0,237.0,234.0,2320.0,MANJERI,kerala
198,2.8,1.9,1.0,300.0,280.0,260.0,260.0,170.0,79.0,5.2,4.1,3.0,31.0,30.0,29.0,790.0,640.0,490.0,7.2,6.7,6.2,2.8,1.9,1.0,300.0,280.0,260.0,2321.0,LALOOR (THRISSUR),kerala
200,1.0,0.9,0.8,347.0,299.0,251.0,1400.0,740.0,79.0,7.9,5.5,3.1,28.1,27.6,27.0,1700.0,1065.0,430.0,6.8,5.8,4.7,1.0,0.9,0.8,347.0,299.0,251.0,2323.0,BRAHMAPURAM M.S.W. DUMPARK (ERNAKULAM),kerala
202,1.2,0.8,0.3,1074.0,885.0,696.0,350.0,245.0,140.0,2.6,1.8,1.1,31.0,30.0,29.0,540.0,390.0,240.0,7.1,7.0,6.9,1.2,0.8,0.3,1074.0,885.0,696.0,2327.0,KARUKAMANI,kerala
203,0.9,0.6,0.2,105.0,105.0,104.0,350.0,180.0,9.0,3.6,2.7,1.8,29.0,27.5,26.0,790.0,406.0,21.0,7.1,6.2,5.2,0.9,0.6,0.2,105.0,105.0,104.0,3463.0,"WELL AT VELLIPARAMBA, KOZHEKODE",kerala
204,1.2,0.9,0.6,1025.0,831.0,637.0,7.0,4.0,0.0,2.0,1.8,1.5,30.0,29.0,28.0,13.0,7.0,0.0,7.8,7.6,7.4,1.2,0.9,0.6,1025.0,831.0,637.0,3472.0,"WELL OF TEMPLE PARASSINIKADAVU, KANNUR",kerala
205,1.8,1.4,0.9,216.0,186.0,156.0,5.0,4.0,2.0,2.5,2.3,2.0,28.5,28.5,28.5,21.0,16.0,11.0,7.7,7.4,7.0,1.8,1.4,0.9,216.0,186.0,156.0,3474.0,"WELL AT PAYANOOR, KANNUR",kerala
206,1.0,1.0,1.0,110.0,110.0,109.0,0.0,0.0,0.0,2.3,2.0,1.7,27.0,27.0,27.0,9.0,5.0,0.0,6.5,6.2,5.8,1.0,1.0,1.0,110.0,110.0,109.0,3475.0,"WELL AT KARIMBAM, KANNUR",kerala
265,0.4,0.4,0.4,842.0,679.0,515.0,4.0,4.0,4.0,5.8,3.5,1.2,28.0,28.0,28.0,23.0,23.0,23.0,7.2,7.2,7.1,0.4,0.4,0.4,842.0,679.0,515.0,1644.0,"JAGATPUR INDUSTRIAL AREA, CUTTACK ODISHA",odisha
266,1.0,0.6,0.1,498.0,360.0,222.0,28.0,28.0,28.0,6.9,3.6,0.3,28.0,27.5,27.0,240.0,240.0,240.0,7.4,7.2,7.0,1.0,0.6,0.1,498.0,360.0,222.0,1645.0,"MADHUPATNA- KALYAN NAGAR AREA, CUTTACK, ODISHA",odisha
273,0.7,0.5,0.3,427.0,341.0,255.0,23.0,23.0,23.0,6.0,3.9,1.8,30.0,29.5,29.0,49.0,49.0,49.0,7.0,7.0,6.9,0.7,0.5,0.3,427.0,341.0,255.0,1652.0,"KALPNA - LAXMINAGAR AREA, BHUBANESWAR, ODISHA",odisha
274,0.2,0.2,0.1,235.0,171.0,107.0,8.0,8.0,8.0,2.2,1.4,0.7,30.0,29.5,29.0,23.0,23.0,23.0,7.7,7.0,6.3,0.2,0.2,0.1,235.0,171.0,107.0,1653.0,"MANCHESWAR INDUSTRIAL AREA, BHUBANESWAR, ODISHA",odisha
275,2.1,1.3,0.4,182.0,166.0,149.0,33.0,33.0,33.0,0.8,0.7,0.6,30.0,29.5,29.0,79.0,79.0,79.0,7.4,6.9,6.4,2.1,1.3,0.4,182.0,166.0,149.0,1654.0,"SECRETARIAT- GOVERNOR HOUSE- OLDBUS STAND AREA, BHUBANESWAR, ODISHA",odisha
277,0.3,0.3,0.2,1017.0,1003.0,988.0,130.0,130.0,130.0,11.0,6.9,2.9,27.0,26.5,26.0,540.0,540.0,540.0,7.9,7.9,7.9,0.3,0.3,0.2,1017.0,1003.0,988.0,1656.0,"NEAR JAGANNATH TEMPLE, PURI, ODISHA",odisha
278,0.6,0.5,0.3,855.0,808.0,761.0,13.0,13.0,13.0,9.3,6.0,2.8,27.0,26.5,26.0,220.0,220.0,220.0,8.3,8.0,7.7,0.6,0.5,0.3,855.0,808.0,761.0,1657.0,"HOSPITAL - BUSSTAND- MAUSHIMA TEMPLE AREA, PURI, ODISHA",odisha
314,1.1,1.1,1.1,2500.0,2500.0,2500.0,4.0,4.0,4.0,1.8,1.8,1.8,25.0,25.0,25.0,4.0,4.0,4.0,8.4,8.4,8.4,1.1,1.1,1.1,2500.0,2500.0,2500.0,1415.0,"WELL OF LOOMJI, CHAUDHARY, NEAR NAYAGAON, PALI, (U/S 1 KM. FROM PALI TOWN), RAJASTHAN",rajasthan
315,1.3,1.3,1.3,7100.0,7100.0,7100.0,4.0,4.0,4.0,3.7,3.7,3.7,26.0,26.0,26.0,7.0,7.0,7.0,8.4,8.4,8.4,1.3,1.3,1.3,7100.0,7100.0,7100.0,1416.0,"WELL OF BHOPAL SINGH, 24 KM. FROM PALI TOWN, RAJASTHAN",rajasthan
318,1.5,1.5,1.5,950.0,950.0,950.0,4.0,4.0,4.0,0.8,0.8,0.8,28.0,28.0,28.0,9.0,9.0,9.0,7.4,7.4,7.4,1.5,1.5,1.5,950.0,950.0,950.0,1709.0,"WELL AT VILLAGE SANTHLA VERY NEAR BHIWADI INDUSTRIAL AREA, BHIWADI, RAJASTHAN",rajasthan
327,0.9,0.9,0.9,1590.0,1590.0,1590.0,4.0,4.0,4.0,0.7,0.7,0.7,26.0,26.0,26.0,9.0,9.0,9.0,7.8,7.8,7.8,0.9,0.9,0.9,1590.0,1590.0,1590.0,1724.0,"WELL OF GOOJARON KI TALAI, MOHANA ROAD SANGANER JAIPUR, RAJASTHAN",rajasthan
331,1.4,1.4,1.4,4300.0,4300.0,4300.0,4.0,4.0,4.0,2.6,2.6,2.6,22.0,22.0,22.0,9.0,9.0,9.0,7.7,7.7,7.7,1.4,1.4,1.4,4300.0,4300.0,4300.0,2018.0,"VILLAGE VINAYAKIA, JODHPUR (HUKUM SINGH RATHORE)",rajasthan
336,1.4,1.4,1.4,1500.0,1500.0,1500.0,4.0,4.0,4.0,2.1,2.1,2.1,24.0,24.0,24.0,9.0,9.0,9.0,6.7,6.7,6.7,1.4,1.4,1.4,1500.0,1500.0,1500.0,2023.0,"HOTEL ORIENT PLACE, SUBHAS NAGAR, UDAIPUR",rajasthan
338,0.9,0.9,0.9,2000.0,2000.0,2000.0,4.0,4.0,4.0,2.0,2.0,2.0,27.0,27.0,27.0,9.0,9.0,9.0,6.9,6.9,6.9,0.9,0.9,0.9,2000.0,2000.0,2000.0,2025.0,"NEAR SHREE KALYANESHWAR MPCBADEV TEMPLE, JAI SINGH PURA KHURD, JAIPUR.",rajasthan
348,1.8,1.8,1.8,4100.0,4100.0,4100.0,4.0,4.0,4.0,1.8,1.8,1.8,27.0,27.0,27.0,7.0,7.0,7.0,6.9,6.9,6.9,1.8,1.8,1.8,4100.0,4100.0,4100.0,2958.0,"WELL OF SH. BHURA RAM, KHETRI NGAR, JHUNJHUNU, RAJASTHAN",rajasthan
349,1.1,1.1,1.1,4300.0,4300.0,4300.0,4.0,4.0,4.0,1.6,1.6,1.6,27.5,27.5,27.5,9.0,9.0,9.0,7.6,7.6,7.6,1.1,1.1,1.1,4300.0,4300.0,4300.0,2959.0,"WELL OF SH. BRIJA RAM, KHETRI NAGAR, JHUNJHUNU, RAJASTHAN",rajasthan
350,2.0,2.0,2.0,3600.0,3600.0,3600.0,4.0,4.0,4.0,1.5,1.5,1.5,29.5,29.5,29.5,9.0,9.0,9.0,7.1,7.1,7.1,2.0,2.0,2.0,3600.0,3600.0,3600.0,2960.0,"WELL INFRONT OF SINGHANA POLICE STATION, SINGHANA, JHUNJHUNU, RAJASTHAN",rajasthan
351,1.3,1.3,1.3,670.0,670.0,670.0,4.0,4.0,4.0,0.7,0.7,0.7,26.0,26.0,26.0,4.0,4.0,4.0,7.4,7.4,7.4,1.3,1.3,1.3,670.0,670.0,670.0,2961.0,"WELL OF SH MNAGAL CHAND MEENA, MANPUR MACHERI, JAIPUR, RAJASTHAN",rajasthan
355,2.8,2.8,2.8,890.0,890.0,890.0,4.0,4.0,4.0,2.4,2.4,2.4,24.0,24.0,24.0,7.0,7.0,7.0,8.3,8.3,8.3,2.8,2.8,2.8,890.0,890.0,890.0,2965.0,"SHRI GIRDHARI SINGH CHOUDHARY NEAR BANDI RIVER BRIDGE, PALI BYE PASS ROAD, PALI, RAJASTHAN",rajasthan
357,2.8,2.8,2.8,1590.0,1590.0,1590.0,4.0,4.0,4.0,1.4,1.4,1.4,24.0,24.0,24.0,7.0,7.0,7.0,8.4,8.4,8.4,2.8,2.8,2.8,1590.0,1590.0,1590.0,2967.0,"SH. POL SINGH PUROHIT, VILLAGE PUNAYATA, PALI, RAJASTHAN",rajasthan
358,2.0,2.0,2.0,6100.0,6100.0,6100.0,4.0,4.0,4.0,2.9,2.9,2.9,24.0,24.0,24.0,7.0,7.0,7.0,8.5,8.5,8.5,2.0,2.0,2.0,6100.0,6100.0,6100.0,2968.0,"SH. BHANA RAM KALAL, DHARU NAGAR, NEAR MAIN MANDIA ROAD, OPP. VILLAGE MANDIA, PALI, RAJASTHAN",rajasthan
359,1.7,1.7,1.7,860.0,860.0,860.0,4.0,4.0,4.0,1.4,1.4,1.4,28.0,28.0,28.0,7.0,7.0,7.0,7.5,7.5,7.5,1.7,1.7,1.7,860.0,860.0,860.0,2969.0,"M/S SPECIALTY SILICA LTD., MIA ALWAR AGRO FOOD PARK, ALWAR, RAJASTHAN",rajasthan
368,2.4,2.4,2.4,2200.0,2200.0,2200.0,4.0,4.0,4.0,0.6,0.6,0.6,20.0,20.0,20.0,9.0,9.0,9.0,8.0,8.0,8.0,2.4,2.4,2.4,2200.0,2200.0,2200.0,2982.0,"WELL OF BIRMA RAM PATEL, SALAWAS, JODHPUR, RAJASTHAN",rajasthan
375,2.5,2.5,2.5,9700.0,9700.0,9700.0,4.0,4.0,4.0,2.9,2.9,2.9,19.0,19.0,19.0,7.0,7.0,7.0,7.4,7.4,7.4,2.5,2.5,2.5,9700.0,9700.0,9700.0,2991.0,"WELL OF BHAG JI LAXMAN RAM MALI, SAKARNA BERA, BALOTRA, JODHPUR, RAJASTHAN",rajasthan
416,2.6,2.4,2.2,496.0,491.0,486.0,60.0,50.0,40.0,0.4,0.4,0.3,23.0,21.5,20.0,110.0,105.0,100.0,8.0,8.0,8.0,2.6,2.4,2.2,496.0,491.0,486.0,2471.0,"GORAKHPUR INDUSTRIAL DEVELOPMENT AUTHORITY AREA (GIDA), GORAKHPUR",uttar_pradesh_uttarakhand
421,1.801452714257461,2.6670899158165087,0.9866753510561487,2860.0,1382.0,983.0,0.0,0.0,0.0,0.0,0.0,0.0,31.2,26.2,17.2,0.0,0.0,0.0,7.9,7.6,7.3,3.0568750000000002,2.2162499999999996,1.5543750000000007,2860.0,1382.0,983.0,2477.0,NEAR ARYA KANYA INTER COLLEGE. JALAUN,uttar_pradesh_uttarakhand
427,1.3,1.0,0.7,672.0,622.0,572.0,0.0,0.0,0.0,0.4,0.2,0.1,28.0,27.5,27.0,1.0,1.0,1.0,8.3,7.9,7.5,1.3,1.0,0.7,672.0,622.0,572.0,1771.0,"KALYANI INDUSTRIAL AREA, NADIA, WEST BENGAL",west_bengal
428,1.0,0.8,0.5,867.0,782.0,696.0,0.0,0.0,0.0,0.5,0.3,0.1,28.0,28.0,28.0,0.0,0.0,0.0,8.0,7.5,7.1,1.0,0.8,0.5,867.0,782.0,696.0,1772.0,"BARASAT MUNICIPALITY NORTH 24-P, WEST BENGAL",west_bengal
433,1.0,0.7,0.3,926.0,889.0,852.0,7.0,7.0,7.0,0.6,0.3,0.1,28.0,27.5,27.0,9.0,9.0,9.0,7.8,7.7,7.7,1.0,0.7,0.3,926.0,889.0,852.0,1777.0,"BEHALA CALCUTTA, WEST BENGAL",west_bengal
437,0.6,0.4,0.3,2444.0,2407.0,2370.0,900.0,900.0,900.0,0.1,0.0,0.0,26.0,26.0,26.0,1600.0,1600.0,1600.0,7.6,7.5,7.3,0.6,0.4,0.3,2444.0,2407.0,2370.0,1931.0,COSSIPORE - NORTH KOLKATA,west_bengal
438,1.3,0.8,0.3,1119.0,992.0,864.0,7.0,7.0,7.0,0.2,0.1,0.1,27.0,26.5,26.0,14.0,14.0,14.0,7.7,7.6,7.6,1.3,0.8,0.3,1119.0,992.0,864.0,1932.0,CENTRAL KOLKATA,west_bengal
439,1.1,0.7,0.3,1486.0,873.0,260.0,540.0,520.0,500.0,0.7,0.4,0.0,30.0,29.0,28.0,1600.0,1260.0,920.0,8.0,7.6,7.3,1.1,0.7,0.3,1486.0,873.0,260.0,1933.0,"NEAR GALVANISATION UNIT, HOWRAH",west_bengal
441,1.0,0.7,0.4,1472.0,1461.0,1450.0,2.0,2.0,2.0,0.2,0.1,0.0,29.0,28.8,28.5,8.0,8.0,8.0,7.4,7.2,7.1,1.0,0.7,0.4,1472.0,1461.0,1450.0,1935.0,INSIDE KOLKATA LEATHER COMPLEX,west_bengal
444,1.3,1.0,0.7,2240.0,1979.0,1717.0,2.0,2.0,2.0,1.1,0.6,0.2,32.0,31.5,31.0,3.0,3.0,3.0,8.5,8.3,8.2,1.3,1.0,0.7,2240.0,1979.0,1717.0,1938.0,BASIRHAT MUNICIPALITY,west_bengal
445,2.6,1.4,0.1,384.0,366.0,348.0,0.0,0.0,0.0,0.4,0.2,0.1,30.0,27.5,25.0,0.0,0.0,0.0,8.4,7.9,7.3,2.6,1.4,0.1,384.0,366.0,348.0,1939.0,BARRAKPORE MUNICIPALITY,west_bengal
446,1.1,1.0,1.0,565.0,560.0,554.0,0.0,0.0,0.0,1.0,0.6,0.1,29.0,28.3,27.5,0.0,0.0,0.0,7.8,7.6,7.4,1.1,1.0,1.0,565.0,560.0,554.0,1940.0,NEAR THE PHOSPHATE COMPANY-RISHRA,west_bengal
447,1.1,0.7,0.3,410.0,398.0,385.0,0.0,0.0,0.0,0.4,0.3,0.2,29.0,28.5,28.0,0.0,0.0,0.0,7.8,7.6,7.5,1.1,0.7,0.3,410.0,398.0,385.0,1941.0,"NEAR FLY ASH DUMPING SITE-KUNTIGHAT, BANDEL",west_bengal
455,1.2,0.7,0.2,101.0,93.0,85.0,80.0,75.0,70.0,0.3,0.2,0.1,28.0,27.0,26.0,140.0,130.0,120.0,7.4,7.2,7.0,1.2,0.7,0.2,101.0,93.0,85.0,2526.0,FULBARI BARRAGE,west_bengal
456,2.5,1.6,0.8,796.0,774.0,752.0,2.0,2.0,2.0,0.5,0.5,0.4,29.5,29.3,29.0,4.0,4.0,4.0,7.5,7.3,7.1,2.5,1.6,0.8,796.0,774.0,752.0,2528.0,GROUND WATER POINT INSIDE BURDWAN UNIVERSITY,west_bengal
464,0.9,0.8,0.8,1854.0,1791.0,1727.0,4.0,4.0,4.0,0.2,0.2,0.2,30.0,29.0,28.0,13.0,13.0,13.0,7.5,7.5,7.5,0.9,0.8,0.8,1854.0,1791.0,1727.0,2540.0,SATI GHAT AT BANKURA TOWN,west_bengal
467,1.7,1.4,1.1,1568.0,1027.0,485.0,8.0,8.0,8.0,4.1,4.0,3.9,32.0,29.5,27.0,13.0,13.0,13.0,7.5,7.1,6.8,1.7,1.4,1.1,1568.0,1027.0,485.0,2545.0,GROUND WATER POINT AT PURULIA RK MISSION,west_bengal
468,0.7,0.5,0.3,987.0,978.0,969.0,4.0,4.0,4.0,0.8,0.4,0.0,29.0,27.5,26.0,13.0,13.0,13.0,8.0,7.9,7.9,0.7,0.5,0.3,987.0,978.0,969.0,2546.0,ULUBERIA COLLEGE AT HOWRAH,west_bengal
469,1.4,0.8,0.3,2140.0,1594.0,1048.0,500.0,500.0,500.0,0.6,0.3,0.1,27.0,26.5,26.0,900.0,900.0,900.0,8.0,7.5,7.1,1.4,0.8,0.3,2140.0,1594.0,1048.0,2547.0,"AMTOLA ON DIAMOND HARBOUR ROAD, 24 PARGANAS (S)",west_bengal
470,0.7,0.6,0.5,2040.0,1936.0,1832.0,2.0,2.0,2.0,0.2,0.2,0.1,29.0,28.0,27.0,11.0,11.0,11.0,7.5,7.4,7.2,0.7,0.6,0.5,2040.0,1936.0,1832.0,2548.0,"HIDCO OFFICE, RAJARHAT",west_bengal
