,TEMPERATURE ºC : Min,TEMPERATURE ºC : Max,TEMPERATURE ºC : Mean,pH : Min : 6.5-8.5,pH : Max : 6.5-8.5,pH : Mean : 6.5-8.5,CONDUCTIVITY (µmhos/cm) : Min,CONDUCTIVITY (µmhos/cm) : Max,CONDUCTIVITY (µmhos/cm) : Mean,B.O.D. (mg/l) : Min : < 3 mg/l,B.O.D. (mg/l) : Max : < 3 mg/l,B.O.D. (mg/l) : Mean : < 3 mg/l,NITRATE- N+ NITRITE-N (mg/l) : Min,NITRATE- N+ NITRITE-N (mg/l) : Max,NITRATE- N+ NITRITE-N (mg/l) : Mean,FECAL COLIFORM (MPN/100ml) : Min : < 2500 MPN/100ml,FECAL COLIFORM (MPN/100ml) : Max : < 2500 MPN/100ml,FECAL COLIFORM (MPN/100ml) : Mean : < 2500 MPN/100ml,TOTAL COLIFORM (MPN/100ml) : Min : < 5000 MPN/100ml,TOTAL COLIFORM (MPN/100ml) : Max : < 5000 MPN/100ml,TOTAL COLIFORM (MPN/100ml) : Mean : < 5000 MPN/100ml
0,26.0,27.5,26.8,7.4,8.0,7.7,178,186,182,,,,0.6,1.2,0.9,,,,,,
1,26.5,28.0,27.2,7.6,7.8,7.7,330,366,345,,,,0.0,0.0,0.0,,,,,,
2,26.9,28.3,27.7,7.7,7.9,7.8,192,211,202,,,,0.6,0.8,0.7,,,,,,
3,27.5,28.0,27.8,7.6,7.7,7.7,98,108,101,,,,0.0,0.1,0.1,,,,,,
4,27.0,28.0,27.5,7.6,7.7,7.6,112,127,119,,,,0.0,0.0,0.0,,,,,,
5,27.7,28.0,27.9,7.4,7.9,7.7,141,149,145,,,,0.0,0.0,0.0,,,,,,
6,27.0,27.3,27.2,7.4,7.7,7.5,174,216,194,,,,0.0,0.0,0.0,,,,,,
